"an","body","title","publication_datetime","outlet","publication_date","mentioned_entities"
"GUAR1","Last September, a leaked email revealed the National Farmers’ Federation had directed members to stay silent about the putative health risks from paraquat, a widely used herbicide. Some farmers rebelled. Among them was Mirboo North grower and grazier Emma Germano, who was then the president of the Victorian Farmers Federation.

Germano broke ranks with the NFF to support the farmers who’d been vilified for speaking out about clusters of Parkinson’s disease, which they believed to be linked to paraquat use on farms. (Manufacturer Syngenta, which has partnerships with NFF, denies any link.)

“These people are suffering,” Germano told the ABC’s AM program. “They’re asking a question. For that to be shut down, when these are people who have been diligently part of our industry, salt-of-the-earth farmers – that, to me, is inexcusable.”

Germano’s stance revealed a growing discontent with peak bodies in Australia’s fragmented agriculture sector.

Some farmers believe peak bodies advocate for agribusiness interests over those of grassroots farmers. In niche and nascent sectors especially, farmers say they don’t feel represented by Australia’s 50 farming organisations, which range from regulators and statutory bodies to commodity groups, industry associations and farmers federations. The latter have faced declining memberships for decades.

Andrew Meseha, whose companies grow hemp in Deniliquin, Shepparton and South Gippsland, says farm bodies cannot advocate for farmers while sponsored by corporations and aligned with specific political parties. “The chemical companies are in every pocket,” he says.

Meseha believes consequent farmer discontent accounts for the rising influence of independent rural MPs and the advent of non-partisan, issue-based collectives such as Lock the Gate and Farmers for Climate Action (FCA).

Founded in 2010, Lock the Gate says it has 120,000 supporters, and decade-old FCA claims it has 45,000 supporters and more than 8,400 members. By comparison, state federations and associations – some more than a century old with huge legacy capital – report membership bases from about 3,500 in Western Australia and about 19,000 in New South Wales. The NFF accepts only organisational members – a structure Germano says privileges “special interests, factions and commodity groups”, and generates “a huge amount of overlap” with state federations. “It’s a pyramid scheme without the Tupperware,” she says.

The NFF president, David Jochinke, who was previously the president of the VFF, says the structure of agricultural organisations has been “a topic of discussion for decades” and should continue to be so “to make sure we have the best system to ensure agriculture and farmers are heard”.

“We recognise that the agricultural landscape is changing, and with it the expectations of how peak bodies engage, advocate and represent grassroots voices,” he says.

They need to ask: do we stand for farmers or do we stand for agribusiness?
Emma Germano

This week, the NFF chief executivee, Troy Williams, resigned after three months in the job, citing “personal reasons”.

Consumed with infighting, the VFF lost about 400 members in the year before the paraquat showdown – partly attributable to corporatisation and mergers of farms. Farm sizes have swelled, meaning fewer individual farmers to represent, with the number of Australian broadacre and dairy farms declining by a third in the last 25 years. Increasing automation has also reduced the sector’s workforce – a dragnet of occupations that includes pickers and processors, as well as fishing and forestry labourers – to only 2.1% of Australia’s working population, represented largely by unions, not peak farm bodies.
Farmers – a famously individualistic sector – don’t tend to collectively organise in union style. But first-generation farmers are increasingly looking to “collective action solutions that peak bodies could embrace”, says horticulturist and “agvocate” Lisa Brassington. 
These bodies could “depoliticise the messages and reach out to the commons”, she says.

Politicking by farm bodies can stoke populist myths about urban-rural divides, with the “latte line” and “quinoa belt” rhetoric sometimes deployed, but Brassington says fire and flood relief donors are largely “from urban and township postcodes”, showing broad solidarity and goodwill. “Natural and financial crises create a loss of autonomy” for farmers and peak bodies “have a time-sensitive role” to support “collective interests”, she says.

Claiming to amplify the voices of farmers, aspiring social media influencers such as FOALS (Future of Agricultural Leadership) are emerging. Agricultural influencers are also a growth industry.

But many influencers reiterate divisive messaging and can’t effectively advocate because they don’t have the established bodies’ governance structures and transparency obligations, says Brassington. Furthermore, issues for farmers remain mostly “similar to previous generations – drought, flood, roads, labour, supply chains, and profit margins”, alongside “succession planning, affording technology and water rights” and mental health. Much advocacy for the latter is carried by charities such as Farm Angels and Rural Doctors Foundation, and university research outfits such as AgHealth.

Germano believes farm bodies need to modernise and reform their profligate cultures if they want to retain grassroots members. “Peak state organisations mirror National party branches from long ago, when they served men from the landed gentry,” she says.

A third of Australia’s farmers are now women, yet women “can’t step outside the status quo” inside federations, she says. “They’re still old boys’ clubs.”

Jochinke says the NFF’s national advocacy model is “proudly member-driven and we are actively working with our member organisations to shape a modernised, effective approach”.

Germano led the VFF’s split from the NFF in September, after the NFF didn’t consult with Victorian sheep farmers before staging a Coalition-partnered Canberra rally against the phase-out of live exports.

She believes such tactics are undemocratic and outdated – promoting myths that farmers are indifferent to animal welfare and “that the big war is against animal activists”. “The live sheep ban was advocated most strongly by meatworkers unions who wanted meat locally processed,” she says. Negotiating with diverse interest groups achieves better policy outcomes for farmers and the broader community.

To advocate effectively, farm bodies need “better governance, independence and listening – discipline, culture, restructure”, says Germano.

“They need to ask: do we stand for farmers or do we stand for agribusiness? These are different things and are often at cross purposes.”

Jochinke says the NFF “reject the notion that peak bodies prioritise agribusiness over grassroots concerns”.

“Our recent work, such as opposing the biosecurity levy, securing bipartisan support for a national food security plan, and advocating for fair environmental and tax policies, demonstrates our commitment to representing the interests of everyday farmers.”","Why are some Australian farmers losing faith in peak agricultural bodies to represent their interests?",2025-08-02,"Guardian",2025-08-02,"1334;1433"
"CANB1","Cancer patients in disadvantaged areas are dying at higher rates than those in privileged communities as differences in survivorship grow.

Medical advancements have significantly improved Australians' survival rates from one in two dying from cancer within five years in the 1980s, compared with one in four during the 2010s.

But these gains are not equally shared, according to research from the Daffodil Centre.

Between 1980 and 1989, the death rate of cancer patients living in the most disadvantaged parts of NSW was four per cent higher than those in the most advantaged areas.

By the 2010s, the difference had swelled to 35 per cent.

""There's a really big equity gap that demands urgent attention,"" author and Daffodil Centre research stream lead Julia Steinberg told AAP.

The study analysed data from almost one million people diagnosed with cancer in NSW across four decades.

It found widening disparities across a range of cancers including breast, melanoma, colorectal, lung and stomach.

While the gaps were driven by a number of factors, early detection played a key role, Associate Professor Steinberg said.

The introduction of early cancer screening programs in the past two decades has significantly improved survival.

More than half of those whose cancer had spread to other parts of the body at time of diagnosis died within a year.

But only four per cent of people whose cancer is limited to a certain part of the body at diagnosis died during that period.

People in more disadvantaged areas are, however, less likely to take part in these screening programs and are more often diagnosed with advanced cancer.

Some of this could be attributed to language barriers, according to Cancer Council NSW policy advocacy manager Brad Gellert.

English is not a first language for many living in disadvantaged communities, which means they struggle to access or understand Australia's health system, and can experience medical racism.

Disadvantaged Australians are more likely to have other conditions such as heart disease, that can affect cancer treatment decisions and survival.
Many less advantaged places can also be more remote, reducing patients' access to cancer care due to distance and the associated higher costs.

""Whilst overall cancer survival rates are improving, this research makes it clear that some groups are being left behind,"" Mr Gellert said.

He has urged the government to focus on strategies lift screening rates for low socioeconomic status communities and offer support to address financial barriers to treatment.","Cancer survival gap widens for disadvantaged patients",2025-11-13,"Canberra Times",2025-11-13,"805"
"SBS1","Many teachers are unsure how to handle conversations about global conflicts in class, according to the Australian Education Union (AEU), which says educators needs better support to guide students through such complex and emotionally charged issues.

In a statement on Friday, AEU federal president Correna Haythorpe said what the impacts of the the union described as the ""ongoing genocide"" in Gaza are being felt in Australian schools. 

Israel has repeatedly denied accusations of genocide in its bombardment of Gaza which came after 7 October 2023 when Hamas, rulers of the Palestinian enclave, launched a surprise assault on southern Israel — a major escalation in a long-standing conflict that sparked the ongoing Hamas-Israel war. 

More than 1,200 people were killed in the October 7 attack and some 250 were taken hostage, according to Israeli tallies. More than 54,000 Palestinians have been killed in Israel's subsequent military campaign, according to Gaza health authorities.

""Teachers are reporting increased tension and distress among students. Our members are supporting students from Palestinian, Jewish, and other backgrounds, including refugees, who are grieving, angry, confused or afraid,"" Haythorpe said.

""The ongoing genocide has brought unspeakable trauma to the children, families and teachers of Gaza. The AEU stands in solidarity with the teachers, students and education unions of Palestine.""

The AEU said it urgently called on education ministers and education departments across the country to provide clear, consistent guidance for teachers about how to discuss global conflicts — particularly the war in Gaza — to support students, and ensure that schools remain safe, inclusive and respectful places for all.

""Right now, teachers are having to help students make sense of complex, confronting global events, often without the resources or professional guidance needed,"" Haythorpe said. 

""They are trying to teach empathy, critical thinking, and civic understanding in a deeply polarised climate, where even raising these issues can attract scrutiny or backlash, from the public, from parents and from education departments.""

The AEU added that there is an urgent need for practical classroom resources, including sample lesson plans that present multiple perspectives, and professional development to help teachers handle sensitive topics in a trauma-informed and age-appropriate way. 

The statement highlighted the urgency of clear protections in place for staff who facilitate respectful and curriculum-linked conversations about the conflict, particularly those who may fear backlash or disciplinary action for engaging with controversial or emotionally charged issues.

""Australian teachers must be given the professional trust, support, and protection they need to teach with courage, care and conscience,"" Haythorpe said. 

SBS News has contacted the federal Department of Education for comment.

The AEU statements follows reports that teachers from several public schools in Western Australia would call for more clarity on what they can and can't teach students about the Hamas-Israel war.

The issue was on the agenda of the State School Teachers Union's biannual state council to be held on 13-14 June, The West Australian newspaper reported in late February.
Many teachers are unsure how to handle conversations about global conflicts in class, according to the Australian Education Union (AEU), which says educators needs better support to guide students through such complex and emotionally charged issues.

In a statement on Friday, AEU federal president Correna Haythorpe said what the impacts of the the union described as the ""ongoing genocide"" in Gaza are being felt in Australian schools. 

Israel has repeatedly denied accusations of genocide in its bombardment of Gaza which came after 7 October 2023 when Hamas, rulers of the Palestinian enclave, launched a surprise assault on southern Israel — a major escalation in a long-standing conflict that sparked the ongoing Hamas-Israel war. 

More than 1,200 people were killed in the October 7 attack and some 250 were taken hostage, according to Israeli tallies. More than 54,000 Palestinians have been killed in Israel's subsequent military campaign, according to Gaza health authorities.

""Teachers are reporting increased tension and distress among students. Our members are supporting students from Palestinian, Jewish, and other backgrounds, including refugees, who are grieving, angry, confused or afraid,"" Haythorpe said.

""The ongoing genocide has brought unspeakable trauma to the children, families and teachers of Gaza. The AEU stands in solidarity with the teachers, students and education unions of Palestine.""

The AEU said it urgently called on education ministers and education departments across the country to provide clear, consistent guidance for teachers about how to discuss global conflicts — particularly the war in Gaza — to support students, and ensure that schools remain safe, inclusive and respectful places for all.

""Right now, teachers are having to help students make sense of complex, confronting global events, often without the resources or professional guidance needed,"" Haythorpe said. 

""They are trying to teach empathy, critical thinking, and civic understanding in a deeply polarised climate, where even raising these issues can attract scrutiny or backlash, from the public, from parents and from education departments.""

The AEU added that there is an urgent need for practical classroom resources, including sample lesson plans that present multiple perspectives, and professional development to help teachers handle sensitive topics in a trauma-informed and age-appropriate way. 

The statement highlighted the urgency of clear protections in place for staff who facilitate respectful and curriculum-linked conversations about the conflict, particularly those who may fear backlash or disciplinary action for engaging with controversial or emotionally charged issues.

""Australian teachers must be given the professional trust, support, and protection they need to teach with courage, care and conscience,"" Haythorpe said. 

SBS News has contacted the federal Department of Education for comment.

The AEU statements follows reports that teachers from several public schools in Western Australia would call for more clarity on what they can and can't teach students about the Hamas-Israel war.

The issue was on the agenda of the State School Teachers Union's biannual state council to be held on 13-14 June, The West Australian newspaper reported in late February.","Australian teachers facing 'distressed' students need new Gaza guidelines, union says",2025-06-13,"SBS",2025-06-13,"318"
"GUAR2","The Australian Medical Association has called for a tax on sugary drinks to tackle obesity and for water to be the “default beverage option” with meals.

In a position paper, released on Sunday, the AMA backed a number of measures to decrease obesity including banning junk food ads targeted at children.

Although the AMA labelled a tax on sugar-sweetened beverages “a matter of priority” in September, the prime minister, Malcolm Turnbull, rejected the idea of a 20% tax on the grounds that consumers already paid “enough taxes” at the supermarket. The Australian Medical Association has called for a tax on sugary drinks to tackle obesity and for water to be the “default beverage option” with meals.

In a position paper, released on Sunday, the AMA backed a number of measures to decrease obesity including banning junk food ads targeted at children.

Although the AMA labelled a tax on sugar-sweetened beverages “a matter of priority” in September, the prime minister, Malcolm Turnbull, rejected the idea of a 20% tax on the grounds that consumers already paid “enough taxes” at the supermarket.

The paper argues that although many Australians have access to high quality fresh foods “most do not consume these in the recommended amounts”.

One-third of food intake comes from highly processed junk foods and beverages and half of Australian adults have a body weight that puts their health at risk, it said.

The paper notes that flavoured waters, sports drinks and fruit juices “contain significant quantities of added sugars”. Energy drinks also contain large quantities of caffeine and “should not be readily available to those aged under 18 years”, the AMA said.

On Sunday the Coalition insisted it was taking the required action to tackle the challenge of obesity and would not make a deal that taxes sugary beverages.

“We do not support a new tax on sugar to address this issue,” a spokesman for the health minister, Greg Hunt, said. “Unlike the Labor party, we don’t believe increasing the family grocery bill at the supermarket is the answer to this challenge.”

In September Turnbull questioned the scope of a proposed sugar tax, noting that: “There is a lot of sugar in a bottle of orange juice … Are you going to put a tax on that?”
Turnbull suggested better labelling and understanding of “the health message” such as to “get up and walk” would solve obesity.

The AMA also called for increased nutrition education and food literacy programs.
“Advertising and marketing unhealthy food and drink to children should be prohibited altogether, and the loophole that allows children to be exposed to junk food and alcohol advertising during coverage of sporting events must be closed,” the president of the AMA, Michael Gannon, said in a statement on Sunday.
Water should be the default beverage option in all instances where a beverage is provided with a meal, the AMA paper said.

The AMA recommends the federal government continue food fortification programs by requiring manufacturers to add certain vitamins and minerals to foods or specific ingredients.

The push for a sugar tax has been led by the Obesity Policy Coalition. Its executive manager, Jane Martin, said obesity cost Australia an estimated $8.6bn in 2011-12 in direct and indirect costs such as GP services, hospital care, and absenteeism.

Researchers have suggested a tax on sugary drink combined with a subsidy on fruits and vegetables could save the health sector $3.4bn.

The AMA statement notes that 22% of Aboriginal and Torres Strait Islander people live in households that have run out of food and not been able to purchase more at some point in the past 12 months. It said that nutrition and food security were important aspects of the Closing the Gap initiatives.

In 2017 the ninth Closing the Gap report found the overall mortality gap between Indigenous and non-Indigenous Australians was widening.

Outback stores should “prioritise and facilitate access to affordable nutritious foods”, the AMA said.

The AMA said that state and local governments should identify “food deserts” and work with developers to ensure access to fresh foods is improved.","Australian Medical Association wants tax on sugary drinks and ban on junk food ads",2018-01-07,"Guardian",2018-01-07,"500"
"FINR1","If you could steal from the government, and the only penalty if caught was to repay the money, would you?

This is a question the Australian Medical Association should answer as it tries to extend its influence over the system that investigates doctors for Medicare fraud.

Recent coverage in The Sydney Morning Heraldand The Age may have overstated the extent of medical overcharging, which the newspapers put at up to $8 billion a year.
But the reports have usefully drawn attention to what has similarities to a protection racket for AMA members.

Abuse of the $31 billion Medicare system is policed by the Professional Services Review, a small federal government agency created in 1994 that can’t keep up with the paltry number of cases referred to it each year by the health bureaucracy.

Under law, the AMA has a veto over the agency’s head. The AMA is guaranteed “consultation” about which doctors get to judge their colleagues’ billing practices too.
As if this insider-loaded arrangement wasn’t problematic enough, the AMA now wants the agency’s already-modest powers curtailed and less of what it calls the agency’s “adversarial and inquisition style”.

How investigations into possible lawbreaking cannot be adversarial, the AMA does not explain. Nor does it acknowledge the contradiction between its claimed desire for a more “clear and transparent” system and the Professional Services Review’s policy of keeping most fraudster doctors’ identities secret.

Anonymous refunds

How many doctors steal from Medicare is unclear. But the sums aren’t small.
In September, the Professional Services Review agency reported that it had banned an unidentified dermatologist from billing Medicare for one year, after he or she billed Medicare for cosmetic botox and laser treatment.

The specialist agreed to pay back $237,450. The average that year was $270,000. Any regular person caught stealing that much could expect a trial and likely jail time.
The doctors get to make anonymous refunds, which allows Medicare abuse to be a punishment-free crime.

Since the newspaper articles were published, doctors, on internet message boards, have described over-charging as common but not as widespread as the coverage suggests.

“I don’t get why everyone is so horrified to hear this,” wrote Megan Barrett, a Victorian general practitioner, on October 18. “Surely we know of the GP who walks around the nursing home every week and nods at every person there and then bills them for a consultation?”

Challenging figures

Two medical Fulbright Scholars, Eddie Cliff and Tori Berquist, calculatedthat if 1 per cent of doctors are stealing $8 billion, they must earn $7.5 million a year each. If 5 per cent of doctors are on the take, the figure is $1.5 million a year.

Given the average GP salary is around $253,000, these dishonest doctors would be obvious and easy tax office targets.

“If this $8 billion claim is indeed simply an unsubstantiated guesstimate, then the ‘Medicare rorts’ media campaign is a dishonest attempt to unfairly suggest that GPs are cheating the government at a colossal scale, defrauding Medicare and taxpayers out of a quarter of its budget,” Dr Cliff and Dr Berquist wrote.

Margaret Faux, a researcher responsible for the figure, said on Monday the estimate came from “my decades of extensive experience in this area”. She complained about the AMA’s influence over the Professional Services Review.

“If the Police Union were permitted to have veto power over the appointment of the police commissioner, or the Business Council of Australia had similar power to appoint the Chair of ASIC, there would be justified public outrage,” she said in an email. “The role of the AMA in the PSR is no different. It completely undermines the credibility and independence of the regulator.”

Studies of fraud and overservicing cited by the National Audit Office estimated losses between $366 million and $2.2 billion in 2018-19.

No answer

Even if the $8 billion is an exaggeration, the Professional Services Review isn’t exactly hunting down dodgy doctors like the FBI after the Unabomber.

The agency looks like a classic sleepy Canberra bureaucracy. At 9.30am on Monday phone callers to its office next to the Canberra Airport were greeted by an answering machine.

Last year it received a modest 108 investigation requests. By the end of the year it was working on 154, after failing to clear previous years’ backlogs. More doctors are members of its expert panels, which judge other doctors, than it receives complaints in any year.

Dr Antonio Di Dio was ACT AMA president until 2021 and serves on the Federal AMA board and council. He is acting director of the body that polices Medicare fraud. 

Obstetrician Julie Quinlivan resigned this year after five years as director. The highlight, she said, was when the agency ranked second out of 101 public service organisations for “engagement and innovation”.
After being paid $404,000 in her last year, Professor Quinlivan was replaced on an acting basis by Antonio Di Dio, a Canberra GP who is on the AMA board and was president of the ACT division.

The AMA’s main complaint about the agency’s work is the anonymous refund agreements it makes with doctors. Its members feel “coerced”, the AMA says, and the “process lacks transparency”.

The doctors have another option. They can go, like regular people, to the courts and fight their cases in public. Then Australians might form a different view about the integrity of their profession.","The great ‘doctor protection racket’",2022-10-31,"Financial Review",2022-10-31,"798;500"
"SBS2","Business organisations are clubbing together to urge Australians to get vaccinated under a new campaign called ""One shot closer"".

The Business Council of Australia says when it comes to getting vaccinated, big and small businesses are speaking with one voice.

""Every person we get vaccinated brings us one shot closer to bringing Australians back together and letting us all get on with our lives,"" Business Council chief executive Jennifer Westacott said.

She said the campaign is supported by Facebook and endorsed by the Council of Small Business Organisations of Australia, the Food and Groceries Council and the Restaurant and Catering Association, along with some of the biggest employers in the country.

""This is critical to the economy and the mental health and wellbeing of all Australians,"" Ms Westacott said.

But the nation's doctors are calling for caution when easing restrictions on reaching vaccination rates of 70 and 80 per cent under the national recovery plan.

Australian Medical Association president Omar Khorshid says the updated Doherty modelling released late on Friday underlines the need to be cautious when easing restrictions.

""When implementing the national plan we must be realistic, careful and test each change and the impact of measures before moving to the next phase, given that there are thousands of COVID-19 cases in the community,"" he said.

Dr Khorshid said the Doherty modelling does not show the impact on hospitals, which are already under extraordinary pressure.

""The health system needs to be much better prepared to deal with the growing burden of COVID-19, as well as be able to deliver non-COVID-19 related care,"" he said.

The Doherty Institute, whose modelling the nation's recovery plan is based on, was asked to undertake additional ""sensitivity analyses"" of the scenarios presented in its initial report.

It was asked to test the robustness of the recommendation to transition to Phases B and C of the national plan at 70 and 80 per cent vaccination coverage if COVID-19 infection was already established in the community.

The institute says its findings confirm its earlier strategic advice that even high levels of vaccination will not be sufficient to stop COVID-19 in its tracks.

The institute's Professor Jodie McVernon and University of Melbourne's Professor James McCaw are set to further discuss its findings in a press conference on Monday.

Prime Minister Scott Morrison told reporters that as of Saturday, 71.7 per cent of Australians have had one jab, while 46.7 per cent are fully vaccinated with two doses.

He also said the Therapeutic Goods Administration has given the all-clear to a Moderna shipment secured from the European Union, which he expects will be rolled out to 1,800 pharmacies this week. 

Victorian Premier Dan Andrews released his long-awaited road map out of lockdown as the state recorded 507 new cases and another death, bringing its toll from the latest outbreak to 11.

The road map includes scrapping the nightly curfew once 70 per cent of Victorians are fully vaccinated.

But substantial changes will not be made until 80 per cent of people are immunised, which is forecast to occur around 5 November.

NSW reported 1,083 new virus cases on Sunday and 13 deaths, bringing its toll to 231 since its Delta variant outbreak began on 16 June.

The ACT, the third jurisdiction currently under lockdown, reported 17 new virus cases.","Business groups urge Australians to vaccinate as doctors warn against hasty reopening",2021-09-20,"SBS",2021-09-20,"798;916;1495;500;1433"
